{"stats":{"minecraft:used":{"minecraft:golden_boots":1,"minecraft:sea_lantern":1,"minecraft:prismarine":4,"lucky:lucky_sword":15,"minecraft:player_head":1,"minecraft:golden_leggings":1,"minecraft:golden_helmet":1,"minecraft:diamond_chestplate":1,"minecraft:nether_quartz_ore":5,"minecraft:golden_chestplate":1,"minecraft:obsidian":2},"minecraft:mined":{"minecraft:cobweb":2,"lucky:lucky_block":66},"minecraft:killed":{"minecraft:witch":1,"minecraft:bat":3},"minecraft:custom":{"minecraft:time_since_rest":140,"minecraft:sprint_one_cm":48,"minecraft:damage_taken":2536,"minecraft:walk_one_cm":4495,"minecraft:mob_kills":4,"minecraft:drop":1,"minecraft:damage_dealt":517,"minecraft:fly_one_cm":5028,"minecraft:play_time":8593,"minecraft:crouch_one_cm":4506,"minecraft:deaths":9,"minecraft:sneak_time":1724,"minecraft:walk_under_water_one_cm":255,"minecraft:jump":29,"minecraft:leave_game":7,"minecraft:time_since_death":115,"minecraft:walk_on_water_one_cm":283,"minecraft:total_world_time":8593},"minecraft:dropped":{"minecraft:obsidian":1},"minecraft:picked_up":{"minecraft:golden_helmet":1,"minecraft:stick":2,"minecraft:nether_quartz_ore":5,"minecraft:chainmail_boots":1,"minecraft:iron_trapdoor":1,"minecraft:nether_wart":1,"minecraft:prismarine_shard":21,"minecraft:daylight_detector":1,"minecraft:golden_leggings":1,"minecraft:quartz":22,"minecraft:cooked_rabbit":4,"minecraft:enchanted_book":1,"minecraft:golden_boots":1,"minecraft:carrot":4,"minecraft:string":6,"minecraft:redstone":9,"minecraft:heavy_weighted_pressure_plate":1,"minecraft:iron_horse_armor":1,"minecraft:lapis_lazuli":3,"minecraft:sea_lantern":1,"minecraft:golden_chestplate":1,"minecraft:dragon_egg":1,"minecraft:oak_trapdoor":1,"minecraft:quartz_block":1,"minecraft:quartz_slab":1,"minecraft:sticky_piston":1,"minecraft:diamond_chestplate":1,"minecraft:diamond":29,"minecraft:slime_block":2,"minecraft:golden_hoe":1,"minecraft:lever":2,"lucky:lucky_sword":2,"minecraft:iron_ingot":13,"minecraft:redstone_torch":6,"minecraft:pink_tulip":1,"minecraft:golden_horse_armor":2,"minecraft:player_head":1,"minecraft:saddle":3,"minecraft:gold_ingot":11,"minecraft:emerald":15,"minecraft:rabbit":15,"minecraft:prismarine":4,"minecraft:piston":3}},"DataVersion":3465}