{"stats":{"minecraft:custom":{"minecraft:time_since_rest":2704,"minecraft:sprint_one_cm":6401,"minecraft:play_time":2704,"minecraft:damage_taken":20,"minecraft:walk_one_cm":5380,"minecraft:walk_under_water_one_cm":7361,"minecraft:mob_kills":3,"minecraft:aviate_one_cm":153814,"minecraft:jump":75,"minecraft:damage_dealt":240,"minecraft:leave_game":2,"minecraft:walk_on_water_one_cm":435,"minecraft:time_since_death":2704,"minecraft:total_world_time":2704,"minecraft:swim_one_cm":1652,"minecraft:fall_one_cm":2763,"minecraft:fly_one_cm":21435},"minecraft:killed":{"minecraft:sheep":3},"minecraft:mined":{"minecraft:grass":22,"minecraft:grass_block":2,"minecraft:tall_grass":8,"minecraft:dandelion":1},"minecraft:picked_up":{"minecraft:wheat_seeds":2,"minecraft:dandelion":1,"minecraft:light_gray_wool":1,"minecraft:mutton":5,"minecraft:dirt":2,"minecraft:white_wool":2},"minecraft:used":{"minecraft:firework_rocket":28,"minecraft:elytra":1}},"DataVersion":3465}