{"stats":{"minecraft:custom":{"minecraft:jump":12,"minecraft:time_since_rest":1101,"minecraft:crouch_one_cm":689,"minecraft:walk_one_cm":1569,"minecraft:leave_game":4,"minecraft:play_time":2016,"minecraft:damage_taken":480,"minecraft:time_since_death":1072,"minecraft:deaths":3,"minecraft:sneak_time":166,"minecraft:total_world_time":2016,"minecraft:fly_one_cm":9536},"minecraft:mined":{"minecraft:grass_block":21},"minecraft:picked_up":{"minecraft:dirt":14},"minecraft:used":{"minecraft:dirt":10}},"DataVersion":3465}