{"stats":{"minecraft:custom":{"minecraft:mob_kills":1,"minecraft:leave_game":2,"minecraft:time_since_death":6235,"minecraft:damage_resisted":107,"minecraft:time_since_rest":6274,"minecraft:sprint_one_cm":284,"minecraft:walk_one_cm":8344,"minecraft:damage_taken":600,"minecraft:damage_absorbed":160,"minecraft:drop":4,"minecraft:damage_dealt":40,"minecraft:fly_one_cm":1164,"minecraft:crouch_one_cm":2890,"minecraft:play_time":12379,"minecraft:deaths":2,"minecraft:sneak_time":671,"minecraft:walk_under_water_one_cm":126,"minecraft:jump":33,"minecraft:walk_on_water_one_cm":15,"minecraft:total_world_time":12379,"minecraft:fall_one_cm":822},"minecraft:mined":{"minecraft:slime_block":96,"minecraft:fire":1,"lucky:lucky_block":83},"minecraft:killed_by":{"minecraft:magma_cube":1},"minecraft:used":{"minecraft:leather_leggings":1,"minecraft:diamond_boots":2,"minecraft:dropper":3,"minecraft:quartz_stairs":2,"minecraft:wooden_shovel":2,"minecraft:leather_boots":1,"minecraft:dragon_egg":1,"minecraft:nether_quartz_ore":13,"minecraft:slime_block":24,"minecraft:leather_helmet":1,"minecraft:wooden_sword":10,"minecraft:diamond_sword":3,"minecraft:splash_potion":1,"minecraft:enchanted_golden_apple":1,"minecraft:jukebox":1,"minecraft:golden_axe":1},"minecraft:picked_up":{"minecraft:wooden_axe":2,"minecraft:enchanting_table":1,"minecraft:allium":10,"minecraft:nether_wart":2,"minecraft:azure_bluet":5,"minecraft:golden_carrot":5,"minecraft:splash_potion":3,"minecraft:chicken":5,"minecraft:leather_leggings":2,"minecraft:rabbit_stew":1,"minecraft:golden_pickaxe":1,"minecraft:diamond_sword":1,"minecraft:wooden_pickaxe":1,"minecraft:end_portal_frame":8,"minecraft:potato":31,"minecraft:potion":2,"minecraft:enchanted_book":3,"minecraft:diamond_horse_armor":2,"minecraft:wooden_hoe":1,"minecraft:wooden_sword":2,"minecraft:leather_boots":1,"minecraft:quartz_slab":8,"minecraft:oak_sign":2,"minecraft:blue_orchid":4,"minecraft:bow":1,"minecraft:gold_nugget":1,"minecraft:stone_pickaxe":1,"minecraft:ender_eye":1,"minecraft:player_head":1,"minecraft:wooden_shovel":1,"minecraft:poppy":6,"minecraft:rabbit":1,"minecraft:enchanted_golden_apple":1,"minecraft:quartz_stairs":3,"minecraft:book":10,"minecraft:ghast_tear":1,"minecraft:nether_quartz_ore":25,"minecraft:jukebox":1,"minecraft:quartz":13,"minecraft:dandelion":6,"minecraft:oak_pressure_plate":1,"minecraft:poisonous_potato":5,"minecraft:dropper":10,"minecraft:golden_axe":1,"minecraft:cake":1,"minecraft:carrot":1,"minecraft:dragon_egg":1,"minecraft:spider_eye":1,"minecraft:rabbit_foot":3,"minecraft:leather_helmet":1,"minecraft:quartz_block":5,"minecraft:rotten_flesh":2,"minecraft:diamond":20,"minecraft:tropical_fish":1,"minecraft:slime_block":36,"minecraft:golden_hoe":1,"minecraft:lever":1,"minecraft:diamond_boots":2,"minecraft:pink_tulip":2,"minecraft:bookshelf":7,"minecraft:saddle":1,"minecraft:glistering_melon_slice":1,"minecraft:baked_potato":21,"minecraft:obsidian":2,"minecraft:blaze_powder":1,"minecraft:diamond_pickaxe":1,"minecraft:oxeye_daisy":10},"minecraft:dropped":{"minecraft:slime_block":2,"minecraft:quartz_stairs":1,"minecraft:wooden_sword":1}},"DataVersion":3465}